{
  "1": {
    "n_head": 1,
    "head_size": 384,
    "n_params": 10788929,
    "iters_log": [
      0,
      300,
      600,
      900,
      1200,
      1500,
      1800,
      2100,
      2400,
      2700,
      2999
    ],
    "train_losses": [
      3.6493124961853027,
      2.4064440727233887,
      1.8573007583618164,
      1.610964298248291,
      1.4875373840332031,
      1.4012216329574585,
      1.3447952270507812,
      1.302086591720581,
      1.2587164640426636,
      1.2242114543914795,
      1.1963419914245605
    ],
    "val_losses": [
      3.6762278079986572,
      2.4337143898010254,
      1.987054467201233,
      1.7876347303390503,
      1.6766451597213745,
      1.6087859869003296,
      1.5693137645721436,
      1.5522189140319824,
      1.518804669380188,
      1.515584111213684,
      1.5025036334991455
    ],
    "gpu_mems": [
      202.705408,
      202.705408,
      202.705408,
      202.705408,
      202.705408,
      202.705408,
      202.705408,
      202.705408,
      202.705408,
      202.705408,
      202.705408
    ],
    "ram_usages": [
      1248.309248,
      1268.89984,
      1270.931456,
      1279.700992,
      1289.560064,
      1299.910656,
      1316.159488,
      1317.236736,
      1317.265408,
      1317.298176,
      1317.675008
    ],
    "tokens_list": [
      16384,
      4931584,
      9846784,
      14761984,
      19677184,
      24592384,
      29507584,
      34422784,
      39337984,
      44253184,
      49152000
    ],
    "tok_rates": [
      686.2302638618395,
      29069.378511559284,
      30493.751015604343,
      30966.610049719926,
      31222.799342461258,
      31418.918750151537,
      31541.12961901759,
      31617.731713758636,
      31665.872892682433,
      31715.517666151245,
      31751.10633488038
    ],
    "final_train": 1.1963419914245605,
    "final_val": 1.5025036334991455,
    "tokens_processed": 49152000,
    "elapsed_sec": 1549.6181528568268,
    "tok_per_sec": 31718.781758838417
  },
  "2": {
    "n_head": 2,
    "head_size": 192,
    "n_params": 10788929,
    "iters_log": [
      0,
      300,
      600,
      900,
      1200,
      1500,
      1800,
      2100,
      2400,
      2700,
      2999
    ],
    "train_losses": [
      3.6106581687927246,
      2.2158398628234863,
      1.6880618333816528,
      1.500031590461731,
      1.3958077430725098,
      1.3171522617340088,
      1.2781420946121216,
      1.2249574661254883,
      1.1894750595092773,
      1.150389313697815,
      1.1207698583602905
    ],
    "val_losses": [
      3.640946626663208,
      2.26279878616333,
      1.8652129173278809,
      1.69911527633667,
      1.6145025491714478,
      1.5619326829910278,
      1.5388368368148804,
      1.509474515914917,
      1.4875273704528809,
      1.4935193061828613,
      1.487618088722229
    ],
    "gpu_mems": [
      204.016128,
      204.016128,
      204.016128,
      204.016128,
      204.016128,
      204.016128,
      204.016128,
      204.016128,
      204.016128,
      204.016128,
      204.016128
    ],
    "ram_usages": [
      1322.508288,
      1322.528768,
      1322.553344,
      1325.776896,
      1327.28832,
      1327.341568,
      1327.362048,
      1327.403008,
      1328.92672,
      1338.445824,
      1338.499072
    ],
    "tokens_list": [
      16384,
      4931584,
      9846784,
      14761984,
      19677184,
      24592384,
      29507584,
      34422784,
      39337984,
      44253184,
      49152000
    ],
    "tok_rates": [
      517.9471777286565,
      25174.7576171035,
      27271.365554822096,
      28056.160527857384,
      28491.841480070605,
      28742.04966155127,
      28906.70478157899,
      29037.936400626004,
      29138.893612084594,
      29208.670606451276,
      29264.04041754738
    ],
    "final_train": 1.1207698583602905,
    "final_val": 1.487618088722229,
    "tokens_processed": 49152000,
    "elapsed_sec": 1681.099345445633,
    "tok_per_sec": 29238.010313406303
  },
  "3": {
    "n_head": 3,
    "head_size": 128,
    "n_params": 10788929,
    "iters_log": [
      0,
      300,
      600,
      900,
      1200,
      1500,
      1800,
      2100,
      2400,
      2700,
      2999
    ],
    "train_losses": [
      3.6586434841156006,
      2.401071071624756,
      1.866952657699585,
      1.6005445718765259,
      1.4679754972457886,
      1.3661401271820068,
      1.3059331178665161,
      1.2537779808044434,
      1.2101683616638184,
      1.172688364982605,
      1.1417527198791504
    ],
    "val_losses": [
      3.6858839988708496,
      2.4245121479034424,
      1.9869455099105835,
      1.7712596654891968,
      1.6691299676895142,
      1.5856014490127563,
      1.5398919582366943,
      1.5176892280578613,
      1.4917553663253784,
      1.492377519607544,
      1.4888252019882202
    ],
    "gpu_mems": [
      204.016128,
      204.016128,
      204.016128,
      204.016128,
      204.016128,
      204.016128,
      204.016128,
      204.016128,
      204.016128,
      204.016128,
      204.016128
    ],
    "ram_usages": [
      1354.747904,
      1371.83232,
      1371.87328,
      1371.889664,
      1371.918336,
      1371.942912,
      1371.971584,
      1371.99616,
      1372.020736,
      1372.045312,
      1372.061696
    ],
    "tokens_list": [
      16384,
      4931584,
      9846784,
      14761984,
      19677184,
      24592384,
      29507584,
      34422784,
      39337984,
      44253184,
      49152000
    ],
    "tok_rates": [
      514.0806408354239,
      24658.98692067419,
      26718.272474130787,
      27488.122760685656,
      27906.845113447438,
      28123.71244090647,
      28298.4306822479,
      28419.93618400454,
      28519.34274285226,
      28593.567311877872,
      28653.066337267494
    ],
    "final_train": 1.1417527198791504,
    "final_val": 1.4888252019882202,
    "tokens_processed": 49152000,
    "elapsed_sec": 1716.8838868141174,
    "tok_per_sec": 28628.610459620184
  },
  "4": {
    "n_head": 4,
    "head_size": 96,
    "n_params": 10788929,
    "iters_log": [
      0,
      300,
      600,
      900,
      1200,
      1500,
      1800,
      2100,
      2400,
      2700,
      2999
    ],
    "train_losses": [
      3.6442511081695557,
      2.332962989807129,
      1.7670929431915283,
      1.5225858688354492,
      1.3913378715515137,
      1.3121153116226196,
      1.2608295679092407,
      1.209697961807251,
      1.1669021844863892,
      1.1286351680755615,
      1.0935015678405762
    ],
    "val_losses": [
      3.6743969917297363,
      2.3644821643829346,
      1.9216718673706055,
      1.7134921550750732,
      1.609508991241455,
      1.5540395975112915,
      1.5274053812026978,
      1.5144485235214233,
      1.4876443147659302,
      1.5009797811508179,
      1.4934799671173096
    ],
    "gpu_mems": [
      204.80256,
      204.80256,
      204.80256,
      204.80256,
      204.80256,
      204.80256,
      204.80256,
      204.80256,
      204.80256,
      204.80256,
      204.80256
    ],
    "ram_usages": [
      1385.521152,
      1380.016128,
      1380.036608,
      1380.061184,
      1380.08576,
      1380.114432,
      1380.130816,
      1380.1472,
      1380.16768,
      1380.196352,
      1380.212736
    ],
    "tokens_list": [
      16384,
      4931584,
      9846784,
      14761984,
      19677184,
      24592384,
      29507584,
      34422784,
      39337984,
      44253184,
      49152000
    ],
    "tok_rates": [
      473.96669962686906,
      22745.177026802612,
      24653.623479255348,
      25391.578883914637,
      25771.09247010069,
      26022.371124009474,
      26189.839473442058,
      26303.904462207316,
      26389.248134858142,
      26462.66097765538,
      26508.143499986618
    ],
    "final_train": 1.0935015678405762,
    "final_val": 1.4934799671173096,
    "tokens_processed": 49152000,
    "elapsed_sec": 1855.6703839302063,
    "tok_per_sec": 26487.46265804965
  },
  "6": {
    "n_head": 6,